1,1,07:23
1,2,07:46
1,3,08:09
1,4,08:32
1,5,08:53
1,6,09:17
1,7,09:37
1,8,10:00
1,9,10:21
1,10,10:43
1,11,11:05
1,12,11:27
1,13,11:49
1,14,12:12
1,15,12:33
1,16,12:55
1,17,13:17
1,18,13:39
1,19,13:59
1,20,14:24
1,21,14:41
1,22,15:04
1,23,15:27
1,24,15:49
1,25,16:10
1,26,16:33
1,27,16:53
1,28,17:11
1,29,17:35
1,30,17:58
1,31,18:20
1,32,18:40
1,33,19:02
2,1,07:24
2,2,07:47
2,3,08:10
2,4,08:33
2,5,08:54
2,6,09:18
2,7,09:38
2,8,10:01
2,9,10:22
2,10,10:44
2,11,11:06
2,12,11:28
2,13,11:50
2,14,12:13
2,15,12:34
2,16,12:56
2,17,13:18
2,18,13:40
2,19,14:00
2,20,14:25
2,21,14:42
2,22,15:05
2,23,15:28
2,24,15:50
2,25,16:11
2,26,16:34
2,27,16:54
2,28,17:12
2,29,17:36
2,30,17:59
2,31,18:21
2,32,18:41
2,33,19:03
3,1,07:25
3,2,07:48
3,3,08:11
3,4,08:34
3,5,08:55
3,6,09:19
3,7,09:39
3,8,10:02
3,9,10:23
3,10,10:45
3,11,11:07
3,12,11:29
3,13,11:51
3,14,12:14
3,15,12:35
3,16,12:57
3,17,13:19
3,18,13:41
3,19,14:01
3,20,14:26
3,21,14:43
3,22,15:06
3,23,15:29
3,24,15:51
3,25,16:12
3,26,16:35
3,27,16:55
3,28,17:13
3,29,17:37
3,30,18:00
3,31,18:22
3,32,18:42
3,33,19:04
4,1,07:26
4,2,07:49
4,3,08:12
4,4,08:35
4,5,08:56
4,6,09:20
4,7,09:40
4,8,10:03
4,9,10:24
4,10,10:46
4,11,11:08
4,12,11:30
4,13,11:52
4,14,12:15
4,15,12:36
4,16,12:58
4,17,13:20
4,18,13:42
4,19,14:02
4,20,14:27
4,21,14:44
4,22,15:07
4,23,15:30
4,24,15:52
4,25,16:13
4,26,16:36
4,27,16:56
4,28,17:14
4,29,17:38
4,30,18:01
4,31,18:23
4,32,18:43
4,33,19:05
5,4,08:36
5,5,08:57
5,6,09:21
5,7,09:41
5,8,10:04
5,9,10:25
5,10,10:47
5,11,11:09
5,12,11:31
5,13,11:53
5,14,12:16
5,15,12:37
5,16,12:59
5,17,13:21
5,18,13:43
5,19,14:03
5,20,14:28
5,21,14:45
5,22,15:08
5,23,15:31
5,24,15:53
5,25,16:14
5,26,16:37
5,27,16:57
5,28,17:15
6,1,07:27
6,2,07:50
6,3,08:13
6,4,08:37
6,5,08:58
6,6,09:22
6,7,09:42
6,8,10:05
6,9,10:26
6,10,10:48
6,11,11:10
6,12,11:32
6,13,11:54
6,14,12:17
6,15,12:38
6,16,13:00
6,17,13:22
6,18,13:44
6,19,14:04
6,20,14:29
6,21,14:46
6,22,15:09
6,23,15:32
6,24,15:54
6,25,16:15
6,26,16:38
6,27,16:58
6,28,17:16
6,29,17:39
6,30,18:02
6,31,18:24
6,32,18:44
6,33,19:06
7,1,07:27
7,2,07:50
7,3,08:13
7,4,08:37
7,5,08:58
7,6,09:22
7,7,09:42
7,8,10:05
7,9,10:26
7,10,10:48
7,11,11:10
7,12,11:32
7,13,11:54
7,14,12:17
7,15,12:38
7,16,13:00
7,17,13:22
7,18,13:44
7,19,14:04
7,20,14:29
7,21,14:46
7,22,15:09
7,23,15:32
7,24,15:54
7,25,16:15
7,26,16:38
7,27,16:58
7,28,17:16
7,29,17:39
7,30,18:02
7,31,18:24
7,32,18:44
7,33,19:06
8,1,07:28
8,2,07:51
8,3,08:14
8,4,08:38
8,5,08:59
8,6,09:23
8,7,09:43
8,8,10:06
8,9,10:27
8,10,10:49
8,11,11:11
8,12,11:33
8,13,11:55
8,14,12:18
8,15,12:39
8,16,13:01
8,17,13:23
8,18,13:45
8,19,14:05
8,20,14:30
8,21,14:47
8,22,15:10
8,23,15:33
8,24,15:55
8,25,16:16
8,26,16:39
8,27,16:59
8,28,17:17
8,29,17:40
8,30,18:03
8,31,18:25
8,32,18:45
8,33,19:07
9,1,07:29
9,2,07:52
9,3,08:15
9,4,08:39
9,5,09:00
9,6,09:24
9,7,09:44
9,8,10:07
9,9,10:28
9,10,10:50
9,11,11:12
9,12,11:34
9,13,11:56
9,14,12:19
9,15,12:40
9,16,13:02
9,17,13:24
9,18,13:46
9,19,14:06
9,20,14:31
9,21,14:48
9,22,15:11
9,23,15:34
9,24,15:56
9,25,16:17
9,26,16:40
9,27,17:00
9,28,17:18
9,29,17:41
9,30,18:04
9,31,18:26
9,32,18:46
9,33,19:08
10,1,07:30
10,2,07:53
10,3,08:16
10,4,08:40
10,5,09:01
10,6,09:25
10,7,09:45
10,8,10:08
10,9,10:29
10,10,10:51
10,11,11:13
10,12,11:35
10,13,11:57
10,14,12:20
10,15,12:41
10,16,13:03
10,17,13:25
10,18,13:47
10,19,14:07
10,20,14:32
10,21,14:49
10,22,15:12
10,23,15:35
10,24,15:57
10,25,16:18
10,26,16:41
10,27,17:01
10,28,17:19
10,29,17:42
10,30,18:05
10,31,18:27
10,32,18:47
10,33,19:09
11,1,07:32
11,2,07:55
11,3,08:18
11,4,08:42
11,5,09:03
11,6,09:27
11,7,09:47
11,8,10:10
11,9,10:31
11,10,10:53
11,11,11:15
11,12,11:37
11,13,11:59
11,14,12:22
11,15,12:43
11,16,13:05
11,17,13:27
11,18,13:49
11,19,14:09
11,20,14:34
11,21,14:51
11,22,15:14
11,23,15:37
11,24,15:59
11,25,16:20
11,26,16:43
11,27,17:03
11,28,17:21
11,29,17:44
11,30,18:07
11,31,18:29
11,32,18:49
11,33,19:11
12,1,07:32
12,2,07:55
12,3,08:18
12,4,08:42
12,5,09:03
12,6,09:27
12,7,09:47
12,8,10:10
12,9,10:31
12,10,10:53
12,11,11:15
12,12,11:37
12,13,11:59
12,14,12:22
12,15,12:43
12,16,13:05
12,17,13:27
12,18,13:49
12,19,14:09
12,20,14:34
12,21,14:51
12,22,15:14
12,23,15:37
12,24,15:59
12,25,16:20
12,26,16:43
12,27,17:03
12,28,17:21
12,29,17:44
12,30,18:07
12,31,18:29
12,32,18:49
12,33,19:11
13,1,07:33
13,2,07:56
13,3,08:19
13,4,08:43
13,5,09:04
13,6,09:28
13,7,09:48
13,8,10:11
13,9,10:32
13,10,10:54
13,11,11:16
13,12,11:38
13,13,12:00
13,14,12:23
13,15,12:44
13,16,13:06
13,17,13:28
13,18,13:50
13,19,14:10
13,20,14:35
13,21,14:52
13,22,15:15
13,23,15:38
13,24,16:00
13,25,16:21
13,26,16:44
13,27,17:04
13,28,17:22
13,29,17:45
13,30,18:08
13,31,18:30
13,32,18:50
13,33,19:12
14,1,07:34
14,2,07:57
14,3,08:20
14,4,08:44
14,5,09:05
14,6,09:29
14,7,09:49
14,8,10:12
14,9,10:33
14,10,10:55
14,11,11:17
14,12,11:39
14,13,12:01
14,14,12:24
14,15,12:45
14,16,13:07
14,17,13:29
14,18,13:51
14,19,14:11
14,20,14:36
14,21,14:53
14,22,15:16
14,23,15:39
14,24,16:01
14,25,16:22
14,26,16:45
14,27,17:05
14,28,17:23
14,29,17:46
14,30,18:09
14,31,18:31
14,32,18:51
14,33,19:13
15,1,07:34
15,2,07:57
15,3,08:20
15,4,08:44
15,5,09:05
15,6,09:29
15,7,09:49
15,8,10:12
15,9,10:33
15,10,10:55
15,11,11:17
15,12,11:39
15,13,12:01
15,14,12:24
15,15,12:45
15,16,13:07
15,17,13:29
15,18,13:51
15,19,14:11
15,20,14:36
15,21,14:53
15,22,15:16
15,23,15:39
15,24,16:01
15,25,16:22
15,26,16:45
15,27,17:05
15,28,17:23
15,29,17:46
15,30,18:09
15,31,18:31
15,32,18:51
15,33,19:13
16,1,07:35
16,2,07:58
16,3,08:21
16,4,08:45
16,5,09:06
16,6,09:30
16,7,09:50
16,8,10:13
16,9,10:34
16,10,10:56
16,11,11:18
16,12,11:40
16,13,12:02
16,14,12:25
16,15,12:46
16,16,13:08
16,17,13:30
16,18,13:52
16,19,14:12
16,20,14:37
16,21,14:54
16,22,15:17
16,23,15:40
16,24,16:02
16,25,16:23
16,26,16:46
16,27,17:06
16,28,17:24
16,29,17:47
16,30,18:10
16,31,18:32
16,32,18:52
16,33,19:14
17,1,07:39
17,2,08:02
17,3,08:25
17,4,08:49
17,5,09:10
17,6,09:34
17,7,09:54
17,8,10:17
17,9,10:38
17,10,11:00
17,11,11:22
17,12,11:44
17,13,12:06
17,14,12:29
17,15,12:50
17,16,13:12
17,17,13:34
17,18,13:56
17,19,14:16
17,20,14:41
17,21,14:58
17,22,15:21
17,23,15:44
17,24,16:06
17,25,16:27
17,26,16:50
17,27,17:10
17,28,17:28
17,29,17:51
17,30,18:14
17,31,18:36
17,32,18:56
17,33,19:18
18,4,08:49
18,6,09:34
18,8,10:17
18,10,11:00
18,12,11:44
18,14,12:29
18,16,13:12
18,18,13:56
18,20,14:41
18,22,15:21
18,24,16:06
18,26,16:50
18,28,17:28
19,4,08:51
19,6,09:36
19,8,10:19
19,10,11:02
19,12,11:46
19,14,12:31
19,16,13:14
19,18,13:58
19,20,14:43
19,22,15:23
19,24,16:08
19,26,16:52
19,28,17:30
20,4,08:51
20,6,09:36
20,8,10:19
20,10,11:02
20,12,11:46
20,14,12:31
20,16,13:14
20,18,13:58
20,20,14:43
20,22,15:23
20,24,16:08
20,26,16:52
20,28,17:30
21,4,08:52
21,6,09:37
21,8,10:20
21,10,11:03
21,12,11:47
21,14,12:32
21,16,13:15
21,18,13:59
21,20,14:44
21,22,15:24
21,24,16:09
21,26,16:53
21,28,17:31
22,4,08:53
22,6,09:38
22,8,10:21
22,10,11:04
22,12,11:48
22,14,12:33
22,16,13:16
22,18,14:00
22,20,14:45
22,22,15:25
22,24,16:10
22,26,16:54
22,28,17:32
23,4,08:54
23,6,09:39
23,8,10:22
23,10,11:05
23,12,11:49
23,14,12:34
23,16,13:17
23,18,14:01
23,20,14:46
23,22,15:26
23,24,16:11
23,26,16:55
23,28,17:33
24,4,08:56
24,6,09:41
24,8,10:24
24,10,11:07
24,12,11:51
24,14,12:36
24,16,13:19
24,18,14:03
24,20,14:48
24,22,15:28
24,24,16:13
24,26,16:57
24,28,17:35
25,4,08:57
25,6,09:42
25,8,10:25
25,10,11:08
25,12,11:52
25,14,12:37
25,16,13:20
25,18,14:04
25,20,14:49
25,22,15:29
25,24,16:14
25,26,16:58
25,28,17:36
26,4,08:58
26,6,09:43
26,8,10:26
26,10,11:09
26,12,11:53
26,14,12:38
26,16,13:21
26,18,14:05
26,20,14:50
26,22,15:30
26,24,16:15
26,26,16:59
26,28,17:37
27,4,08:59
27,6,09:44
27,8,10:27
27,10,11:10
27,12,11:54
27,14,12:39
27,16,13:22
27,18,14:06
27,20,14:51
27,22,15:31
27,24,16:16
27,26,17:00
27,28,17:38
28,4,09:04
28,6,09:49
28,8,10:32
28,10,11:15
28,12,11:59
28,14,12:44
28,16,13:27
28,18,14:11
28,20,14:56
28,22,15:36
28,24,16:21
28,26,17:05
28,28,17:43
-28,108,09:20
-28,110,10:04
-28,112,10:48
-28,114,11:32
-28,116,12:16
-28,118,13:00
-28,120,13:44
-28,122,14:25
-28,124,15:07
-28,126,15:53
-28,128,16:33
-28,130,17:15
-27,108,09:21
-27,110,10:05
-27,112,10:49
-27,114,11:33
-27,116,12:17
-27,118,13:01
-27,120,13:45
-27,122,14:26
-27,124,15:08
-27,126,15:54
-27,128,16:34
-27,130,17:16
-26,108,09:22
-26,110,10:06
-26,112,10:50
-26,114,11:34
-26,116,12:18
-26,118,13:02
-26,120,13:46
-26,122,14:27
-26,124,15:09
-26,126,15:55
-26,128,16:35
-26,130,17:17
-25,108,09:23
-25,110,10:07
-25,112,10:51
-25,114,11:35
-25,116,12:19
-25,118,13:03
-25,120,13:47
-25,122,14:28
-25,124,15:10
-25,126,15:56
-25,128,16:36
-25,130,17:18
-24,108,09:24
-24,110,10:08
-24,112,10:52
-24,114,11:36
-24,116,12:20
-24,118,13:04
-24,120,13:48
-24,122,14:29
-24,124,15:11
-24,126,15:57
-24,128,16:37
-24,130,17:19
-23,108,09:26
-23,110,10:10
-23,112,10:54
-23,114,11:38
-23,116,12:22
-23,118,13:06
-23,120,13:50
-23,122,14:31
-23,124,15:13
-23,126,15:59
-23,128,16:39
-23,130,17:21
-22,108,09:26
-22,110,10:10
-22,112,10:54
-22,114,11:38
-22,116,12:22
-22,118,13:06
-22,120,13:50
-22,122,14:31
-22,124,15:13
-22,126,15:59
-22,128,16:39
-22,130,17:21
-21,108,09:28
-21,110,10:12
-21,112,10:56
-21,114,11:40
-21,116,12:24
-21,118,13:08
-21,120,13:52
-21,122,14:33
-21,124,15:15
-21,126,16:01
-21,128,16:41
-21,130,17:23
-20,108,09:28
-20,110,10:12
-20,112,10:56
-20,114,11:40
-20,116,12:24
-20,118,13:08
-20,120,13:52
-20,122,14:33
-20,124,15:15
-20,126,16:01
-20,128,16:41
-20,130,17:23
-19,108,09:29
-19,110,10:13
-19,112,10:57
-19,114,11:41
-19,116,12:25
-19,118,13:09
-19,120,13:53
-19,122,14:34
-19,124,15:16
-19,126,16:02
-19,128,16:42
-19,130,17:24
-18,101,07:00
-18,102,07:23
-18,103,07:46
-18,104,08:09
-18,105,08:32
-18,106,08:55
-18,107,09:15
-18,108,09:35
-18,109,09:59
-18,110,10:19
-18,111,10:43
-18,112,11:03
-18,113,11:27
-18,114,11:47
-18,115,12:11
-18,116,12:31
-18,117,12:55
-18,118,13:15
-18,119,13:38
-18,120,13:59
-18,121,14:20
-18,122,14:40
-18,123,15:02
-18,124,15:22
-18,125,15:48
-18,126,16:08
-18,127,16:31
-18,128,16:48
-18,129,17:14
-18,130,17:30
-18,131,17:55
-18,132,18:19
-18,133,18:41
-18,134,19:01
-17,101,07:00
-17,102,07:23
-17,103,07:46
-17,104,08:09
-17,105,08:32
-17,106,08:55
-17,107,09:15
-17,108,09:35
-17,109,09:59
-17,110,10:19
-17,111,10:43
-17,112,11:03
-17,113,11:27
-17,114,11:47
-17,115,12:11
-17,116,12:31
-17,117,12:55
-17,118,13:15
-17,119,13:38
-17,120,13:59
-17,121,14:20
-17,122,14:40
-17,123,15:02
-17,124,15:22
-17,125,15:48
-17,126,16:08
-17,127,16:31
-17,128,16:48
-17,129,17:14
-17,130,17:30
-17,131,17:55
-17,132,18:19
-17,133,18:41
-17,134,19:01
-16,101,07:01
-16,102,07:24
-16,103,07:47
-16,104,08:10
-16,105,08:33
-16,106,08:56
-16,107,09:16
-16,108,09:36
-16,109,10:00
-16,110,10:20
-16,111,10:44
-16,112,11:04
-16,113,11:28
-16,114,11:48
-16,115,12:12
-16,116,12:32
-16,117,12:56
-16,118,13:16
-16,119,13:39
-16,120,14:00
-16,121,14:21
-16,122,14:41
-16,123,15:03
-16,124,15:23
-16,125,15:49
-16,126,16:09
-16,127,16:32
-16,128,16:49
-16,129,17:15
-16,130,17:31
-16,131,17:56
-16,132,18:20
-16,133,18:42
-16,134,19:02
-15,101,07:01
-15,102,07:24
-15,103,07:47
-15,104,08:10
-15,105,08:33
-15,106,08:56
-15,107,09:16
-15,108,09:36
-15,109,10:00
-15,110,10:20
-15,111,10:44
-15,112,11:04
-15,113,11:28
-15,114,11:48
-15,115,12:12
-15,116,12:32
-15,117,12:56
-15,118,13:16
-15,119,13:39
-15,120,14:00
-15,121,14:21
-15,122,14:41
-15,123,15:03
-15,124,15:23
-15,125,15:49
-15,126,16:09
-15,127,16:32
-15,128,16:49
-15,129,17:15
-15,130,17:31
-15,131,17:56
-15,132,18:20
-15,133,18:42
-15,134,19:02
-14,101,07:02
-14,102,07:25
-14,103,07:48
-14,104,08:11
-14,105,08:34
-14,106,08:57
-14,107,09:17
-14,108,09:37
-14,109,10:01
-14,110,10:21
-14,111,10:45
-14,112,11:05
-14,113,11:29
-14,114,11:49
-14,115,12:13
-14,116,12:33
-14,117,12:57
-14,118,13:17
-14,119,13:40
-14,120,14:01
-14,121,14:22
-14,122,14:42
-14,123,15:04
-14,124,15:24
-14,125,15:50
-14,126,16:10
-14,127,16:33
-14,128,16:50
-14,129,17:16
-14,130,17:32
-14,131,17:57
-14,132,18:21
-14,133,18:43
-14,134,19:03
-13,101,07:03
-13,102,07:26
-13,103,07:49
-13,104,08:12
-13,105,08:35
-13,106,08:58
-13,107,09:18
-13,108,09:38
-13,109,10:02
-13,110,10:22
-13,111,10:46
-13,112,11:06
-13,113,11:30
-13,114,11:50
-13,115,12:14
-13,116,12:34
-13,117,12:58
-13,118,13:18
-13,119,13:41
-13,120,14:02
-13,121,14:23
-13,122,14:43
-13,123,15:05
-13,124,15:25
-13,125,15:51
-13,126,16:11
-13,127,16:34
-13,128,16:51
-13,129,17:17
-13,130,17:33
-13,131,17:58
-13,132,18:22
-13,133,18:44
-13,134,19:04
-12,101,07:03
-12,102,07:26
-12,103,07:49
-12,104,08:12
-12,105,08:35
-12,106,08:58
-12,107,09:18
-12,108,09:38
-12,109,10:02
-12,110,10:22
-12,111,10:46
-12,112,11:06
-12,113,11:30
-12,114,11:50
-12,115,12:14
-12,116,12:34
-12,117,12:58
-12,118,13:18
-12,119,13:41
-12,120,14:02
-12,121,14:23
-12,122,14:43
-12,123,15:05
-12,124,15:25
-12,125,15:51
-12,126,16:11
-12,127,16:34
-12,128,16:51
-12,129,17:17
-12,130,17:33
-12,131,17:58
-12,132,18:22
-12,133,18:44
-12,134,19:04
-11,101,07:04
-11,102,07:27
-11,103,07:50
-11,104,08:13
-11,105,08:36
-11,106,08:59
-11,107,09:19
-11,108,09:39
-11,109,10:03
-11,110,10:23
-11,111,10:47
-11,112,11:07
-11,113,11:31
-11,114,11:51
-11,115,12:15
-11,116,12:35
-11,117,12:59
-11,118,13:19
-11,119,13:42
-11,120,14:03
-11,121,14:24
-11,122,14:44
-11,123,15:06
-11,124,15:26
-11,125,15:52
-11,126,16:12
-11,127,16:35
-11,128,16:52
-11,129,17:18
-11,130,17:34
-11,131,17:59
-11,132,18:23
-11,133,18:45
-11,134,19:05
-10,101,07:05
-10,102,07:28
-10,103,07:51
-10,104,08:14
-10,105,08:37
-10,106,09:00
-10,107,09:20
-10,108,09:40
-10,109,10:04
-10,110,10:24
-10,111,10:48
-10,112,11:08
-10,113,11:32
-10,114,11:52
-10,115,12:16
-10,116,12:36
-10,117,13:00
-10,118,13:20
-10,119,13:43
-10,120,14:04
-10,121,14:25
-10,122,14:45
-10,123,15:07
-10,124,15:27
-10,125,15:53
-10,126,16:13
-10,127,16:36
-10,128,16:53
-10,129,17:19
-10,130,17:35
-10,131,18:00
-10,132,18:24
-10,133,18:46
-10,134,19:06
-9,101,07:06
-9,102,07:29
-9,103,07:52
-9,104,08:15
-9,105,08:38
-9,106,09:01
-9,107,09:21
-9,108,09:41
-9,109,10:05
-9,110,10:25
-9,111,10:49
-9,112,11:09
-9,113,11:33
-9,114,11:53
-9,115,12:17
-9,116,12:37
-9,117,13:01
-9,118,13:21
-9,119,13:44
-9,120,14:05
-9,121,14:26
-9,122,14:46
-9,123,15:08
-9,124,15:28
-9,125,15:54
-9,126,16:14
-9,127,16:37
-9,128,16:54
-9,129,17:20
-9,130,17:36
-9,131,18:01
-9,132,18:25
-9,133,18:47
-9,134,19:07
-8,101,07:07
-8,102,07:30
-8,103,07:53
-8,104,08:16
-8,105,08:39
-8,106,09:02
-8,107,09:22
-8,108,09:42
-8,109,10:06
-8,110,10:26
-8,111,10:50
-8,112,11:10
-8,113,11:34
-8,114,11:54
-8,115,12:18
-8,116,12:38
-8,117,13:02
-8,118,13:22
-8,119,13:45
-8,120,14:06
-8,121,14:27
-8,122,14:47
-8,123,15:09
-8,124,15:29
-8,125,15:55
-8,126,16:15
-8,127,16:38
-8,128,16:55
-8,129,17:21
-8,130,17:37
-8,131,18:02
-8,132,18:26
-8,133,18:48
-8,134,19:08
-7,101,07:08
-7,102,07:31
-7,103,07:54
-7,104,08:17
-7,105,08:40
-7,106,09:03
-7,107,09:23
-7,108,09:43
-7,109,10:07
-7,110,10:27
-7,111,10:51
-7,112,11:11
-7,113,11:35
-7,114,11:55
-7,115,12:19
-7,116,12:39
-7,117,13:03
-7,118,13:23
-7,119,13:46
-7,120,14:07
-7,121,14:28
-7,122,14:48
-7,123,15:10
-7,124,15:30
-7,125,15:56
-7,126,16:16
-7,127,16:39
-7,128,16:56
-7,129,17:22
-7,130,17:38
-7,131,18:03
-7,132,18:27
-7,133,18:49
-7,134,19:09
-6,101,07:09
-6,102,07:32
-6,103,07:55
-6,104,08:18
-6,105,08:41
-6,106,09:04
-6,107,09:24
-6,108,09:44
-6,109,10:08
-6,110,10:28
-6,111,10:52
-6,112,11:12
-6,113,11:36
-6,114,11:56
-6,115,12:20
-6,116,12:40
-6,117,13:04
-6,118,13:24
-6,119,13:47
-6,120,14:08
-6,121,14:29
-6,122,14:49
-6,123,15:11
-6,124,15:31
-6,125,15:57
-6,126,16:17
-6,127,16:40
-6,128,16:57
-6,129,17:23
-6,130,17:39
-6,131,18:04
-6,132,18:28
-6,133,18:50
-6,134,19:10
-5,105,08:42
-5,106,09:05
-5,107,09:25
-5,108,09:45
-5,109,10:09
-5,110,10:29
-5,111,10:53
-5,112,11:13
-5,113,11:37
-5,114,11:57
-5,115,12:21
-5,116,12:41
-5,117,13:05
-5,118,13:25
-5,119,13:48
-5,120,14:09
-5,121,14:30
-5,122,14:50
-5,123,15:12
-5,124,15:32
-5,125,15:58
-5,126,16:18
-5,127,16:41
-5,128,16:58
-5,129,17:24
-4,101,07:10
-4,102,07:33
-4,103,07:56
-4,104,08:19
-4,105,08:43
-4,106,09:06
-4,107,09:26
-4,108,09:46
-4,109,10:10
-4,110,10:30
-4,111,10:54
-4,112,11:14
-4,113,11:38
-4,114,11:58
-4,115,12:22
-4,116,12:42
-4,117,13:06
-4,118,13:26
-4,119,13:49
-4,120,14:10
-4,121,14:31
-4,122,14:51
-4,123,15:13
-4,124,15:33
-4,125,15:59
-4,126,16:19
-4,127,16:42
-4,128,16:59
-4,129,17:25
-4,130,17:40
-4,131,18:05
-4,132,18:29
-4,133,18:51
-4,134,19:11
-3,101,07:11
-3,102,07:34
-3,103,07:57
-3,104,08:20
-3,105,08:44
-3,106,09:07
-3,107,09:27
-3,108,09:47
-3,109,10:11
-3,110,10:31
-3,111,10:55
-3,112,11:15
-3,113,11:39
-3,114,11:59
-3,115,12:23
-3,116,12:43
-3,117,13:07
-3,118,13:27
-3,119,13:50
-3,120,14:11
-3,121,14:32
-3,122,14:52
-3,123,15:14
-3,124,15:34
-3,125,16:00
-3,126,16:20
-3,127,16:43
-3,128,17:00
-3,129,17:26
-3,130,17:41
-3,131,18:06
-3,132,18:30
-3,133,18:52
-3,134,19:12
-2,101,07:12
-2,102,07:35
-2,103,07:58
-2,104,08:21
-2,105,08:45
-2,106,09:08
-2,107,09:28
-2,108,09:48
-2,109,10:12
-2,110,10:32
-2,111,10:56
-2,112,11:16
-2,113,11:40
-2,114,12:00
-2,115,12:24
-2,116,12:44
-2,117,13:08
-2,118,13:28
-2,119,13:51
-2,120,14:12
-2,121,14:33
-2,122,14:53
-2,123,15:15
-2,124,15:35
-2,125,16:01
-2,126,16:21
-2,127,16:44
-2,128,17:01
-2,129,17:27
-2,130,17:42
-2,131,18:07
-2,132,18:31
-2,133,18:53
-2,134,19:13
-1,101,07:16
-1,102,07:39
-1,103,08:02
-1,104,08:25
-1,105,08:49
-1,106,09:12
-1,107,09:32
-1,108,09:52
-1,109,10:16
-1,110,10:36
-1,111,11:00
-1,112,11:20
-1,113,11:44
-1,114,12:04
-1,115,12:28
-1,116,12:48
-1,117,13:12
-1,118,13:32
-1,119,13:55
-1,120,14:16
-1,121,14:37
-1,122,14:57
-1,123,15:19
-1,124,15:39
-1,125,16:05
-1,126,16:25
-1,127,16:48
-1,128,17:05
-1,129,17:31
-1,130,17:46
-1,131,18:11
-1,132,18:35
-1,133,18:57
-1,134,19:17
1,201,08:20
1,202,08:41
1,203,09:02
1,204,09:23
1,205,09:46
1,206,10:07
1,207,10:30
1,208,10:50
1,209,11:13
1,210,11:32
1,211,11:56
1,212,12:15
1,213,12:37
1,214,12:58
1,215,13:20
1,216,13:43
1,217,14:04
1,218,14:25
1,219,14:49
1,220,15:09
1,221,15:32
1,222,15:54
1,223,16:16
1,224,16:38
1,225,17:11
1,226,17:37
1,227,18:23
2,201,08:21
2,202,08:42
2,203,09:03
2,204,09:24
2,205,09:47
2,206,10:08
2,207,10:31
2,208,10:51
2,209,11:14
2,210,11:33
2,211,11:57
2,212,12:16
2,213,12:38
2,214,12:59
2,215,13:21
2,216,13:44
2,217,14:05
2,218,14:26
2,219,14:50
2,220,15:10
2,221,15:33
2,222,15:55
2,223,16:17
2,224,16:39
2,225,17:12
2,226,17:38
2,227,18:24
3,201,08:22
3,202,08:43
3,203,09:04
3,204,09:25
3,205,09:48
3,206,10:09
3,207,10:32
3,208,10:52
3,209,11:15
3,210,11:34
3,211,11:58
3,212,12:17
3,213,12:39
3,214,13:00
3,215,13:22
3,216,13:45
3,217,14:06
3,218,14:27
3,219,14:51
3,220,15:11
3,221,15:34
3,222,15:56
3,223,16:18
3,224,16:40
3,225,17:13
3,226,17:39
3,227,18:25
4,201,08:23
4,202,08:44
4,203,09:05
4,204,09:26
4,205,09:49
4,206,10:10
4,207,10:33
4,208,10:53
4,209,11:16
4,210,11:35
4,211,11:59
4,212,12:18
4,213,12:40
4,214,13:01
4,215,13:23
4,216,13:46
4,217,14:07
4,218,14:28
4,219,14:52
4,220,15:12
4,221,15:35
4,222,15:57
4,223,16:19
4,224,16:41
4,225,17:14
4,226,17:40
4,227,18:26
6,201,08:24
6,202,08:45
6,203,09:06
6,204,09:27
6,205,09:50
6,206,10:11
6,207,10:34
6,208,10:54
6,209,11:17
6,210,11:36
6,211,12:00
6,212,12:19
6,213,12:41
6,214,13:02
6,215,13:24
6,216,13:47
6,217,14:08
6,218,14:29
6,219,14:53
6,220,15:13
6,221,15:36
6,222,15:58
6,223,16:20
6,224,16:42
6,225,17:15
6,226,17:41
6,227,18:27
7,201,08:24
7,202,08:45
7,203,09:06
7,204,09:27
7,205,09:50
7,206,10:11
7,207,10:34
7,208,10:54
7,209,11:17
7,210,11:36
7,211,12:00
7,212,12:19
7,213,12:41
7,214,13:02
7,215,13:24
7,216,13:47
7,217,14:08
7,218,14:29
7,219,14:53
7,220,15:13
7,221,15:36
7,222,15:58
7,223,16:20
7,224,16:42
7,225,17:15
7,226,17:41
7,227,18:27
8,201,08:25
8,202,08:46
8,203,09:07
8,204,09:28
8,205,09:51
8,206,10:12
8,207,10:35
8,208,10:55
8,209,11:18
8,210,11:37
8,211,12:01
8,212,12:20
8,213,12:42
8,214,13:03
8,215,13:25
8,216,13:48
8,217,14:09
8,218,14:30
8,219,14:54
8,220,15:14
8,221,15:37
8,222,15:59
8,223,16:21
8,224,16:43
8,225,17:16
8,226,17:42
8,227,18:28
9,201,08:26
9,202,08:47
9,203,09:08
9,204,09:29
9,205,09:52
9,206,10:13
9,207,10:36
9,208,10:56
9,209,11:19
9,210,11:38
9,211,12:02
9,212,12:21
9,213,12:43
9,214,13:04
9,215,13:26
9,216,13:49
9,217,14:10
9,218,14:31
9,219,14:55
9,220,15:15
9,221,15:38
9,222,16:00
9,223,16:22
9,224,16:44
9,225,17:17
9,226,17:43
9,227,18:29
10,201,08:27
10,202,08:48
10,203,09:09
10,204,09:30
10,205,09:53
10,206,10:14
10,207,10:37
10,208,10:57
10,209,11:20
10,210,11:39
10,211,12:03
10,212,12:22
10,213,12:44
10,214,13:05
10,215,13:27
10,216,13:50
10,217,14:11
10,218,14:32
10,219,14:56
10,220,15:16
10,221,15:39
10,222,16:01
10,223,16:23
10,224,16:45
10,225,17:18
10,226,17:44
10,227,18:30
11,201,08:29
11,202,08:50
11,203,09:11
11,204,09:32
11,205,09:55
11,206,10:16
11,207,10:39
11,208,10:59
11,209,11:22
11,210,11:41
11,211,12:05
11,212,12:24
11,213,12:46
11,214,13:07
11,215,13:29
11,216,13:52
11,217,14:13
11,218,14:34
11,219,14:58
11,220,15:18
11,221,15:41
11,222,16:03
11,223,16:25
11,224,16:47
11,225,17:20
11,226,17:46
11,227,18:32
12,201,08:29
12,202,08:50
12,203,09:11
12,204,09:32
12,205,09:55
12,206,10:16
12,207,10:39
12,208,10:59
12,209,11:22
12,210,11:41
12,211,12:05
12,212,12:24
12,213,12:46
12,214,13:07
12,215,13:29
12,216,13:52
12,217,14:13
12,218,14:34
12,219,14:58
12,220,15:18
12,221,15:41
12,222,16:03
12,223,16:25
12,224,16:47
12,225,17:20
12,226,17:46
12,227,18:32
13,201,08:30
13,202,08:51
13,203,09:12
13,204,09:33
13,205,09:56
13,206,10:17
13,207,10:40
13,208,11:00
13,209,11:23
13,210,11:42
13,211,12:06
13,212,12:25
13,213,12:47
13,214,13:08
13,215,13:30
13,216,13:53
13,217,14:14
13,218,14:35
13,219,14:59
13,220,15:19
13,221,15:42
13,222,16:04
13,223,16:26
13,224,16:48
13,225,17:21
13,226,17:47
13,227,18:33
14,201,08:31
14,202,08:52
14,203,09:13
14,204,09:34
14,205,09:57
14,206,10:18
14,207,10:41
14,208,11:01
14,209,11:24
14,210,11:43
14,211,12:07
14,212,12:26
14,213,12:48
14,214,13:09
14,215,13:31
14,216,13:54
14,217,14:15
14,218,14:36
14,219,15:00
14,220,15:20
14,221,15:43
14,222,16:05
14,223,16:27
14,224,16:49
14,225,17:22
14,226,17:48
14,227,18:34
15,201,08:31
15,202,08:52
15,203,09:13
15,204,09:34
15,205,09:57
15,206,10:18
15,207,10:41
15,208,11:01
15,209,11:24
15,210,11:43
15,211,12:07
15,212,12:26
15,213,12:48
15,214,13:09
15,215,13:31
15,216,13:54
15,217,14:15
15,218,14:36
15,219,15:00
15,220,15:20
15,221,15:43
15,222,16:05
15,223,16:27
15,224,16:49
15,225,17:22
15,226,17:48
15,227,18:34
16,201,08:32
16,202,08:53
16,203,09:14
16,204,09:35
16,205,09:58
16,206,10:19
16,207,10:42
16,208,11:02
16,209,11:25
16,210,11:44
16,211,12:08
16,212,12:27
16,213,12:49
16,214,13:10
16,215,13:32
16,216,13:55
16,217,14:16
16,218,14:37
16,219,15:01
16,220,15:21
16,221,15:44
16,222,16:06
16,223,16:28
16,224,16:50
16,225,17:23
16,226,17:49
16,227,18:35
17,201,08:36
17,202,08:57
17,203,09:18
17,204,09:39
17,205,10:02
17,206,10:23
17,207,10:46
17,208,11:06
17,209,11:29
17,210,11:48
17,211,12:12
17,212,12:31
17,213,12:53
17,214,13:14
17,215,13:36
17,216,13:59
17,217,14:20
17,218,14:41
17,219,15:05
17,220,15:25
17,221,15:48
17,222,16:10
17,223,16:32
17,224,16:54
17,225,17:27
17,226,17:53
17,227,18:39
18,203,09:18
18,205,10:02
18,207,10:46
18,209,11:29
18,211,12:12
18,213,12:53
18,215,13:36
18,217,14:20
18,219,15:05
18,221,15:48
18,223,16:32
18,225,17:27
19,203,09:20
19,205,10:04
19,207,10:48
19,209,11:31
19,211,12:14
19,213,12:55
19,215,13:38
19,217,14:22
19,219,15:07
19,221,15:50
19,223,16:34
19,225,17:29
20,203,09:20
20,205,10:04
20,207,10:48
20,209,11:31
20,211,12:14
20,213,12:55
20,215,13:38
20,217,14:22
20,219,15:07
20,221,15:50
20,223,16:34
20,225,17:29
21,203,09:21
21,205,10:05
21,207,10:49
21,209,11:32
21,211,12:15
21,213,12:56
21,215,13:39
21,217,14:23
21,219,15:08
21,221,15:51
21,223,16:35
21,225,17:30
22,203,09:22
22,205,10:06
22,207,10:50
22,209,11:33
22,211,12:16
22,213,12:57
22,215,13:40
22,217,14:24
22,219,15:09
22,221,15:52
22,223,16:36
22,225,17:31
23,203,09:23
23,205,10:07
23,207,10:51
23,209,11:34
23,211,12:17
23,213,12:58
23,215,13:41
23,217,14:25
23,219,15:10
23,221,15:53
23,223,16:37
23,225,17:32
24,203,09:25
24,205,10:09
24,207,10:53
24,209,11:36
24,211,12:19
24,213,13:00
24,215,13:43
24,217,14:27
24,219,15:12
24,221,15:55
24,223,16:39
24,225,17:34
25,203,09:26
25,205,10:10
25,207,10:54
25,209,11:37
25,211,12:20
25,213,13:01
25,215,13:44
25,217,14:28
25,219,15:13
25,221,15:56
25,223,16:40
25,225,17:35
26,203,09:27
26,205,10:11
26,207,10:55
26,209,11:38
26,211,12:21
26,213,13:02
26,215,13:45
26,217,14:29
26,219,15:14
26,221,15:57
26,223,16:41
26,225,17:36
27,203,09:28
27,205,10:12
27,207,10:56
27,209,11:39
27,211,12:22
27,213,13:03
27,215,13:46
27,217,14:30
27,219,15:15
27,221,15:58
27,223,16:42
27,225,17:37
28,203,09:33
28,205,10:17
28,207,11:01
28,209,11:44
28,211,12:27
28,213,13:08
28,215,13:51
28,217,14:35
28,219,15:20
28,221,16:03
28,223,16:47
28,225,17:42
-28,303,09:07
-28,305,09:50
-28,307,10:32
-28,309,11:15
-28,311,11:55
-28,313,12:39
-28,315,13:23
-28,317,14:08
-28,319,14:51
-28,321,15:35
-28,323,16:18
-28,325,17:00
-27,303,09:08
-27,305,09:51
-27,307,10:33
-27,309,11:16
-27,311,11:56
-27,313,12:40
-27,315,13:24
-27,317,14:09
-27,319,14:52
-27,321,15:36
-27,323,16:19
-27,325,17:01
-26,303,09:09
-26,305,09:52
-26,307,10:34
-26,309,11:17
-26,311,11:57
-26,313,12:41
-26,315,13:25
-26,317,14:10
-26,319,14:53
-26,321,15:37
-26,323,16:20
-26,325,17:02
-25,303,09:10
-25,305,09:53
-25,307,10:35
-25,309,11:18
-25,311,11:58
-25,313,12:42
-25,315,13:26
-25,317,14:11
-25,319,14:54
-25,321,15:38
-25,323,16:21
-25,325,17:03
-24,303,09:11
-24,305,09:54
-24,307,10:36
-24,309,11:19
-24,311,11:59
-24,313,12:43
-24,315,13:27
-24,317,14:12
-24,319,14:55
-24,321,15:39
-24,323,16:22
-24,325,17:04
-23,303,09:13
-23,305,09:56
-23,307,10:38
-23,309,11:21
-23,311,12:01
-23,313,12:45
-23,315,13:29
-23,317,14:14
-23,319,14:57
-23,321,15:41
-23,323,16:24
-23,325,17:06
-22,303,09:13
-22,305,09:56
-22,307,10:38
-22,309,11:21
-22,311,12:01
-22,313,12:45
-22,315,13:29
-22,317,14:14
-22,319,14:57
-22,321,15:41
-22,323,16:24
-22,325,17:06
-21,303,09:15
-21,305,09:58
-21,307,10:40
-21,309,11:23
-21,311,12:03
-21,313,12:47
-21,315,13:31
-21,317,14:16
-21,319,14:59
-21,321,15:43
-21,323,16:26
-21,325,17:08
-20,303,09:15
-20,305,09:58
-20,307,10:40
-20,309,11:23
-20,311,12:03
-20,313,12:47
-20,315,13:31
-20,317,14:16
-20,319,14:59
-20,321,15:43
-20,323,16:26
-20,325,17:08
-19,303,09:16
-19,305,09:59
-19,307,10:41
-19,309,11:24
-19,311,12:04
-19,313,12:48
-19,315,13:32
-19,317,14:17
-19,319,15:00
-19,321,15:44
-19,323,16:27
-19,325,17:09
-18,301,08:41
-18,302,09:02
-18,303,09:22
-18,304,09:44
-18,305,10:05
-18,306,10:27
-18,307,10:47
-18,308,11:11
-18,309,11:30
-18,310,11:53
-18,311,12:10
-18,312,12:35
-18,313,12:54
-18,314,13:19
-18,315,13:38
-18,316,14:04
-18,317,14:23
-18,318,14:46
-18,319,15:06
-18,320,15:30
-18,321,15:50
-18,322,16:15
-18,323,16:33
-18,324,16:58
-18,325,17:15
-18,326,18:00
-18,327,18:45
-17,301,08:41
-17,302,09:02
-17,303,09:22
-17,304,09:44
-17,305,10:05
-17,306,10:27
-17,307,10:47
-17,308,11:11
-17,309,11:30
-17,310,11:53
-17,311,12:10
-17,312,12:35
-17,313,12:54
-17,314,13:19
-17,315,13:38
-17,316,14:04
-17,317,14:23
-17,318,14:46
-17,319,15:06
-17,320,15:30
-17,321,15:50
-17,322,16:15
-17,323,16:33
-17,324,16:58
-17,325,17:15
-17,326,18:00
-17,327,18:45
-16,301,08:42
-16,302,09:03
-16,303,09:23
-16,304,09:45
-16,305,10:06
-16,306,10:28
-16,307,10:48
-16,308,11:12
-16,309,11:31
-16,310,11:54
-16,311,12:11
-16,312,12:36
-16,313,12:55
-16,314,13:20
-16,315,13:39
-16,316,14:05
-16,317,14:24
-16,318,14:47
-16,319,15:07
-16,320,15:31
-16,321,15:51
-16,322,16:16
-16,323,16:34
-16,324,16:59
-16,325,17:16
-16,326,18:01
-16,327,18:46
-15,301,08:42
-15,302,09:03
-15,303,09:23
-15,304,09:45
-15,305,10:06
-15,306,10:28
-15,307,10:48
-15,308,11:12
-15,309,11:31
-15,310,11:54
-15,311,12:11
-15,312,12:36
-15,313,12:55
-15,314,13:20
-15,315,13:39
-15,316,14:05
-15,317,14:24
-15,318,14:47
-15,319,15:07
-15,320,15:31
-15,321,15:51
-15,322,16:16
-15,323,16:34
-15,324,16:59
-15,325,17:16
-15,326,18:01
-15,327,18:46
-14,301,08:43
-14,302,09:04
-14,303,09:24
-14,304,09:46
-14,305,10:07
-14,306,10:29
-14,307,10:49
-14,308,11:13
-14,309,11:32
-14,310,11:55
-14,311,12:12
-14,312,12:37
-14,313,12:56
-14,314,13:21
-14,315,13:40
-14,316,14:06
-14,317,14:25
-14,318,14:48
-14,319,15:08
-14,320,15:32
-14,321,15:52
-14,322,16:17
-14,323,16:35
-14,324,17:00
-14,325,17:17
-14,326,18:02
-14,327,18:47
-13,301,08:44
-13,302,09:05
-13,303,09:25
-13,304,09:47
-13,305,10:08
-13,306,10:30
-13,307,10:50
-13,308,11:14
-13,309,11:33
-13,310,11:56
-13,311,12:13
-13,312,12:38
-13,313,12:57
-13,314,13:22
-13,315,13:41
-13,316,14:07
-13,317,14:26
-13,318,14:49
-13,319,15:09
-13,320,15:33
-13,321,15:53
-13,322,16:18
-13,323,16:36
-13,324,17:01
-13,325,17:18
-13,326,18:03
-13,327,18:48
-12,301,08:44
-12,302,09:05
-12,303,09:25
-12,304,09:47
-12,305,10:08
-12,306,10:30
-12,307,10:50
-12,308,11:14
-12,309,11:33
-12,310,11:56
-12,311,12:13
-12,312,12:38
-12,313,12:57
-12,314,13:22
-12,315,13:41
-12,316,14:07
-12,317,14:26
-12,318,14:49
-12,319,15:09
-12,320,15:33
-12,321,15:53
-12,322,16:18
-12,323,16:36
-12,324,17:01
-12,325,17:18
-12,326,18:03
-12,327,18:48
-11,301,08:45
-11,302,09:06
-11,303,09:26
-11,304,09:48
-11,305,10:09
-11,306,10:31
-11,307,10:51
-11,308,11:15
-11,309,11:34
-11,310,11:57
-11,311,12:14
-11,312,12:39
-11,313,12:58
-11,314,13:23
-11,315,13:42
-11,316,14:08
-11,317,14:27
-11,318,14:50
-11,319,15:10
-11,320,15:34
-11,321,15:54
-11,322,16:19
-11,323,16:37
-11,324,17:02
-11,325,17:19
-11,326,18:04
-11,327,18:49
-10,301,08:46
-10,302,09:07
-10,303,09:27
-10,304,09:49
-10,305,10:10
-10,306,10:32
-10,307,10:52
-10,308,11:16
-10,309,11:35
-10,310,11:58
-10,311,12:15
-10,312,12:40
-10,313,12:59
-10,314,13:24
-10,315,13:43
-10,316,14:09
-10,317,14:28
-10,318,14:51
-10,319,15:11
-10,320,15:35
-10,321,15:55
-10,322,16:20
-10,323,16:38
-10,324,17:03
-10,325,17:20
-10,326,18:05
-10,327,18:50
-9,301,08:47
-9,302,09:08
-9,303,09:28
-9,304,09:50
-9,305,10:11
-9,306,10:33
-9,307,10:53
-9,308,11:17
-9,309,11:36
-9,310,11:59
-9,311,12:16
-9,312,12:41
-9,313,13:00
-9,314,13:25
-9,315,13:44
-9,316,14:10
-9,317,14:29
-9,318,14:52
-9,319,15:12
-9,320,15:36
-9,321,15:56
-9,322,16:21
-9,323,16:39
-9,324,17:04
-9,325,17:21
-9,326,18:06
-9,327,18:51
-8,301,08:48
-8,302,09:09
-8,303,09:29
-8,304,09:51
-8,305,10:12
-8,306,10:34
-8,307,10:54
-8,308,11:18
-8,309,11:37
-8,310,12:00
-8,311,12:17
-8,312,12:42
-8,313,13:01
-8,314,13:26
-8,315,13:45
-8,316,14:11
-8,317,14:30
-8,318,14:53
-8,319,15:13
-8,320,15:37
-8,321,15:57
-8,322,16:22
-8,323,16:40
-8,324,17:05
-8,325,17:22
-8,326,18:07
-8,327,18:52
-7,301,08:49
-7,302,09:10
-7,303,09:30
-7,304,09:52
-7,305,10:13
-7,306,10:35
-7,307,10:55
-7,308,11:19
-7,309,11:38
-7,310,12:01
-7,311,12:18
-7,312,12:43
-7,313,13:02
-7,314,13:27
-7,315,13:46
-7,316,14:12
-7,317,14:31
-7,318,14:54
-7,319,15:14
-7,320,15:38
-7,321,15:58
-7,322,16:23
-7,323,16:41
-7,324,17:06
-7,325,17:23
-7,326,18:08
-7,327,18:53
-6,301,08:50
-6,302,09:11
-6,303,09:31
-6,304,09:53
-6,305,10:14
-6,306,10:36
-6,307,10:56
-6,308,11:20
-6,309,11:39
-6,310,12:02
-6,311,12:19
-6,312,12:44
-6,313,13:03
-6,314,13:28
-6,315,13:47
-6,316,14:13
-6,317,14:32
-6,318,14:55
-6,319,15:15
-6,320,15:39
-6,321,15:59
-6,322,16:24
-6,323,16:42
-6,324,17:07
-6,325,17:24
-6,326,18:09
-6,327,18:54
-4,301,08:51
-4,302,09:12
-4,303,09:32
-4,304,09:54
-4,305,10:15
-4,306,10:37
-4,307,10:57
-4,308,11:21
-4,309,11:40
-4,310,12:03
-4,311,12:20
-4,312,12:45
-4,313,13:04
-4,314,13:29
-4,315,13:48
-4,316,14:14
-4,317,14:33
-4,318,14:56
-4,319,15:16
-4,320,15:40
-4,321,16:00
-4,322,16:25
-4,323,16:43
-4,324,17:08
-4,325,17:25
-4,326,18:10
-4,327,18:55
-3,301,08:52
-3,302,09:13
-3,303,09:33
-3,304,09:55
-3,305,10:16
-3,306,10:38
-3,307,10:58
-3,308,11:22
-3,309,11:41
-3,310,12:04
-3,311,12:21
-3,312,12:46
-3,313,13:05
-3,314,13:30
-3,315,13:49
-3,316,14:15
-3,317,14:34
-3,318,14:57
-3,319,15:17
-3,320,15:41
-3,321,16:01
-3,322,16:26
-3,323,16:44
-3,324,17:09
-3,325,17:26
-3,326,18:11
-3,327,18:56
-2,301,08:53
-2,302,09:14
-2,303,09:34
-2,304,09:56
-2,305,10:17
-2,306,10:39
-2,307,10:59
-2,308,11:23
-2,309,11:42
-2,310,12:05
-2,311,12:22
-2,312,12:47
-2,313,13:06
-2,314,13:31
-2,315,13:50
-2,316,14:16
-2,317,14:35
-2,318,14:58
-2,319,15:18
-2,320,15:42
-2,321,16:02
-2,322,16:27
-2,323,16:45
-2,324,17:10
-2,325,17:27
-2,326,18:12
-2,327,18:57
-1,301,08:57
-1,302,09:18
-1,303,09:38
-1,304,10:00
-1,305,10:21
-1,306,10:43
-1,307,11:03
-1,308,11:27
-1,309,11:46
-1,310,12:09
-1,311,12:26
-1,312,12:51
-1,313,13:10
-1,314,13:35
-1,315,13:54
-1,316,14:20
-1,317,14:39
-1,318,15:02
-1,319,15:22
-1,320,15:46
-1,321,16:06
-1,322,16:31
-1,323,16:49
-1,324,17:14
-1,325,17:31
-1,326,18:16
-1,327,19:01

